
------------------------------ 삭제 ------------------------------
DROP TABLE MEMBER CASCADE CONSTRAINTS;
DROP TABLE PRODUCT CASCADE CONSTRAINTS;
DROP TABLE RENT_LIST CASCADE CONSTRAINTS;
DROP TABLE RENTAL_RESERVE CASCADE CONSTRAINTS;
DROP TABLE WISH CASCADE CONSTRAINTS;
DROP TABLE MESSAGE CASCADE CONSTRAINTS;
DROP TABLE AUCTION CASCADE CONSTRAINTS;
DROP TABLE ALERT CASCADE CONSTRAINTS;
DROP TABLE NOTICE CASCADE CONSTRAINTS;
DROP TABLE REVIEW CASCADE CONSTRAINTS;
DROP TABLE QNA CASCADE CONSTRAINTS;
DROP TABLE PRODUCT_IMAGE CASCADE CONSTRAINTS;
DROP TABLE INCOME CASCADE CONSTRAINTS;
DROP TABLE ORDERINFO CASCADE CONSTRAINTS;

------------------------------ 테이블 생성 ------------------------------

/* 회원 테이블 */
CREATE TABLE MEMBER(
    MEMBER_ID VARCHAR2(50) PRIMARY KEY, /* 회원 아이디 */
    MEMBER_PWD VARCHAR2(50), /* 회원 비밀번호 */
    MEMBER_NAME VARCHAR2(12), /* 회원 이름 */
    BIRTH DATE, /* 생년월일 */
    REGIST_DATE DATE DEFAULT SYSDATE, /* 가입 날짜 */
    PHONE VARCHAR2(20), /* 전화 번호 */
    POST VARCHAR2(30), /* 우편 번호 */
    ADDRESS1 VARCHAR2(200), /* 기본 주소 */
    ADDRESS2 VARCHAR2(200), /* 상세 주소 */
    POINT NUMBER, /* 포인트 */
    GRADE NUMBER, /* 등급 */
    DORMANT_YN CHAR(1) DEFAULT 'n' CONSTRAINT CHK_DOR CHECK (DORMANT_YN IN('y', 'n')), /* ■ 모르겠습니다. ■ */
    EMAIL VARCHAR2(100) /* 이메일 */
);

COMMENT ON COLUMN MEMBER.MEMBER_ID IS '회원 아이디';
COMMENT ON COLUMN MEMBER.MEMBER_PWD IS '회원 비밀번호';
COMMENT ON COLUMN MEMBER.MEMBER_NAME IS '회원 이름';
COMMENT ON COLUMN MEMBER.BIRTH IS '생년월일';
COMMENT ON COLUMN MEMBER.REGIST_DATE IS '가입 날짜';
COMMENT ON COLUMN MEMBER.PHONE IS '전화 번호';
COMMENT ON COLUMN MEMBER.POST IS '우편 번호';
COMMENT ON COLUMN MEMBER.ADDRESS1 IS '기본 주소';
COMMENT ON COLUMN MEMBER.ADDRESS2 IS '상세 주소';
COMMENT ON COLUMN MEMBER.POINT IS '포인트';
COMMENT ON COLUMN MEMBER.GRADE IS '등급';
COMMENT ON COLUMN MEMBER.DORMANT_YN IS '■ 뭐지? ■';
COMMENT ON COLUMN MEMBER.EMAIL IS '이메일';

/* 대여 대여 */
CREATE TABLE PRODUCT(
    PRODUCT_CODE NUMBER PRIMARY KEY, /* 대여 코드 */
    PRODUCT_NAME VARCHAR2(100), /* 대여 이름 */
    PRODUCT_CATEGORY VARCHAR2(20), /* 대여 카테고리 */
    PRODUCT_BRAND VARCHAR2(50), /* 대여 브랜드 */
    PRODUCT_DESCRIPT VARCHAR2(1000), /* 대여 설명 */
    PRODUCT_ORIGINAL_PRICE NUMBER, /* 대여 본래 가격 */
    RENT_PRICE NUMBER, /* 대여 대여 비용 */
    PRODUCT_SIZE33 CHAR(1) DEFAULT '0' CONSTRAINT CHK_PRODUCT_SIZE33 CHECK (PRODUCT_SIZE33 IN('0', '1')), /* 33 사이즈 유무 */
    PRODUCT_SIZE44 CHAR(1) DEFAULT '0' CONSTRAINT CHK_PRODUCT_SIZE44 CHECK (PRODUCT_SIZE44 IN('0', '1')), /* 44 사이즈 유무 */
    PRODUCT_SIZE55 CHAR(1) DEFAULT '0' CONSTRAINT CHK_PRODUCT_SIZE55 CHECK (PRODUCT_SIZE55 IN('0', '1')), /* 55 사이즈 유무 */
    PRODUCT_SIZE66 CHAR(1) DEFAULT '0' CONSTRAINT CHK_PRODUCT_SIZE66 CHECK (PRODUCT_SIZE66 IN('0', '1')), /* 66 사이즈 유무 */
    PRODUCT_SIZE77 CHAR(1) DEFAULT '0' CONSTRAINT CHK_PRODUCT_SIZE77 CHECK (PRODUCT_SIZE77 IN('0', '1')), /* 77 사이즈 유무 */
    PRODUCT_COLOR VARCHAR2(50), /* 색상 */
    RECEIVE_DATE DATE, /* 올린 날짜 */
    PRODUCT_HIT NUMBER DEFAULT 0, /* 조회수 */
    PRODUCT_DELETE CHAR(1) DEFAULT '0' CONSTRAINT CHK_PRODUCT_DELETE CHECK (PRODUCT_DELETE IN('0', '1')) /* 삭제 여부 */
);

COMMENT ON COLUMN PRODUCT.PRODUCT_CODE IS '대여 코드';
COMMENT ON COLUMN PRODUCT.PRODUCT_NAME IS '대여 이름';
COMMENT ON COLUMN PRODUCT.PRODUCT_CATEGORY IS '대여 카테고리';
COMMENT ON COLUMN PRODUCT.PRODUCT_BRAND IS '대여 브랜드';
COMMENT ON COLUMN PRODUCT.PRODUCT_DESCRIPT IS '대여 설명';
COMMENT ON COLUMN PRODUCT.PRODUCT_ORIGINAL_PRICE IS '대여 본래 가격';
COMMENT ON COLUMN PRODUCT.RENT_PRICE IS '대여 대여 비용';
COMMENT ON COLUMN PRODUCT.PRODUCT_SIZE33 IS '33 사이즈 유무';
COMMENT ON COLUMN PRODUCT.PRODUCT_SIZE44 IS '44 사이즈 유무';
COMMENT ON COLUMN PRODUCT.PRODUCT_SIZE55 IS '55 사이즈 유무';
COMMENT ON COLUMN PRODUCT.PRODUCT_SIZE66 IS '66 사이즈 유무';
COMMENT ON COLUMN PRODUCT.PRODUCT_SIZE77 IS '77 사이즈 유무';
COMMENT ON COLUMN PRODUCT.PRODUCT_COLOR IS '색상';
COMMENT ON COLUMN PRODUCT.RECEIVE_DATE IS '올린 날짜';
COMMENT ON COLUMN PRODUCT.PRODUCT_HIT IS '조회수';
COMMENT ON COLUMN PRODUCT.PRODUCT_DELETE IS '삭제 여부';

/* 대여 대여 이미지 */
CREATE TABLE PRODUCT_IMAGE(
    PRODUCT_CODE NUMBER, /* 대여 코드 */
    PRODUCT_IMAGE_PATH VARCHAR2(100), /* 대여 이미지 */
    CONSTRAINT FK_PRODUCT_IMAGE_PRODUCT_CODE FOREIGN KEY (PRODUCT_CODE) REFERENCES PRODUCT (PRODUCT_CODE)
);

COMMENT ON COLUMN PRODUCT_IMAGE.PRODUCT_CODE IS '대여 코드';
COMMENT ON COLUMN PRODUCT_IMAGE.PRODUCT_IMAGE_PATH IS '대여 이미지';

/* 주문 */
/* (ORDER는 테이블 이름으로 쓸 수 없으므로 ORDERINFO로 지었습니다.) */
CREATE TABLE ORDERINFO(
    ORDERINFO_CODE INT, /* 주문 코드 */
    MEMBER_ID VARCHAR2(20), /* 회원 아이디 */
    PRODUCT_CODE NUMBER, /* 대여 코드 */
    ORDERINFO_DATE DATE, /* 주문 날짜 */
    CONSTRAINT  FK_ORDERINFO_MEMBER_ID FOREIGN KEY (MEMBER_ID) REFERENCES MEMBER (MEMBER_ID) ON DELETE CASCADE,
    CONSTRAINT  FK_ORDERINFO_PRODUCT_CODE FOREIGN KEY (PRODUCT_CODE) REFERENCES PRODUCT (PRODUCT_CODE)
);

COMMENT ON COLUMN ORDERINFO.ORDERINFO_CODE IS '주문 코드';
COMMENT ON COLUMN ORDERINFO.MEMBER_ID IS '회원 아이디';
COMMENT ON COLUMN ORDERINFO.PRODUCT_CODE IS '대여 코드';
COMMENT ON COLUMN ORDERINFO.ORDERINFO_DATE IS '주문 날짜';

/* 대여 기록 */
CREATE TABLE RENT_LIST(
    RENT_CODE NUMBER PRIMARY KEY, /* 대여 기록 */
    PRODUCT_CODE NUMBER, /* 대여 코드 */
    MEMBER_ID VARCHAR2(20), /* 회원 아이디 */
    RENT_DATE DATE, /* 대여 날짜 */
    RETURN_DATE DATE, /* 반납 날짜 */
    CONSTRAINT RENT_LIST_FK1 FOREIGN KEY (PRODUCT_CODE) REFERENCES PRODUCT (PRODUCT_CODE),
    CONSTRAINT  RENT_LIST_FK2 FOREIGN KEY (MEMBER_ID) REFERENCES MEMBER (MEMBER_ID) ON DELETE SET NULL
);

COMMENT ON COLUMN RENT_LIST.RENT_CODE IS '대여 기록';
COMMENT ON COLUMN RENT_LIST.PRODUCT_CODE IS '대여 코드';
COMMENT ON COLUMN RENT_LIST.MEMBER_ID IS '회원 아이디';
COMMENT ON COLUMN RENT_LIST.RENT_DATE IS '대여 날짜';
COMMENT ON COLUMN RENT_LIST.RETURN_DATE IS '반납 날짜';

/* 대여 예약 */
CREATE TABLE RENTAL_RESERVE(
    PRODUCT_CODE NUMBER, /* 대여 코드 */
    MEMBER_ID VARCHAR2(20), /* 회원 아이디 */
    RESERVE_DATE DATE, /* 예약 날짜 */
    RETURN_DATE DATE, /* 반납 날짜 */
    CONSTRAINT RESERVE_RENT_FK1 FOREIGN KEY (PRODUCT_CODE) REFERENCES PRODUCT (PRODUCT_CODE),
    CONSTRAINT  RESERVE_RENT_FK2 FOREIGN KEY (MEMBER_ID) REFERENCES MEMBER (MEMBER_ID) ON DELETE CASCADE
);
COMMENT ON COLUMN RENTAL_RESERVE.PRODUCT_CODE IS '대여 코드';
COMMENT ON COLUMN RENTAL_RESERVE.MEMBER_ID IS '회원 아이디';
COMMENT ON COLUMN RENTAL_RESERVE.RESERVE_DATE IS '예약 날짜';
COMMENT ON COLUMN RENTAL_RESERVE.RETURN_DATE IS '반납 날짜';

/* 찜 */
CREATE TABLE WISH(
    MEMBER_ID VARCHAR2(20), /* 회원 아이디 */
    PRODUCT_CODE NUMBER, /* 대여 코드 */
    CONSTRAINT WISH_FK1 FOREIGN KEY (PRODUCT_CODE) REFERENCES PRODUCT (PRODUCT_CODE),
    CONSTRAINT WISH_FK2 FOREIGN KEY (MEMBER_ID) REFERENCES MEMBER (MEMBER_ID) ON DELETE CASCADE,
    CONSTRAINT PK_WISH PRIMARY KEY (MEMBER_ID, PRODUCT_CODE)
);

COMMENT ON COLUMN WISH.MEMBER_ID IS '회원 아이디';
COMMENT ON COLUMN WISH.PRODUCT_CODE IS '대여 코드';

/* 쪽지 */
CREATE TABLE MESSAGE(
    MESSAGE_NUMBER NUMBER PRIMARY KEY, /* 쪽지 번호 */
    MEMBER_ID VARCHAR2(20), /* 회원 아이디 */
    MESSAGE_TITLE VARCHAR2(50), /* 쪽지 제목 */
    MESSAGE_CONTENT VARCHAR2(500), /* 쪽지 내용 */
    SEND_DATE DATE, /* 보낸 날짜 */
    CHECK_YN CHAR(1) DEFAULT 'n' CONSTRAINT CHK_MSG CHECK (CHECK_YN IN('y', 'n')), /* 확인 여부 */
    CONSTRAINT MESSAGE_FK FOREIGN KEY (MEMBER_ID) REFERENCES MEMBER (MEMBER_ID) ON DELETE CASCADE
);

COMMENT ON COLUMN MESSAGE.MESSAGE_NUMBER IS '쪽지 번호';
COMMENT ON COLUMN MESSAGE.MEMBER_ID IS '회원 아이디';
COMMENT ON COLUMN MESSAGE.MESSAGE_TITLE IS '쪽지 제목';
COMMENT ON COLUMN MESSAGE.MESSAGE_CONTENT IS '쪽지 내용';
COMMENT ON COLUMN MESSAGE.SEND_DATE IS '보낸 날짜';
COMMENT ON COLUMN MESSAGE.CHECK_YN IS '확인 여부';

/* 경매 상품 */
CREATE TABLE AUCTION(
    AUCTION_CODE NUMBER PRIMARY KEY, /* 경매 상품 코드 */
    PRODUCT_NAME VARCHAR2(30), /* 경매 상품 이름 */
    PRODUCT_CATEGORY VARCHAR2(20), /* 경매 상품 카테고리 */
    PRODUCT_BRAND VARCHAR2(50), /* 경매 상품 브랜드 */
    PRODUCT_DESCRIPT VARCHAR2(1000), /* 경매 상품 설명 */
    MEMBER_ID VARCHAR2(20), /* 회원 아이디 */
    BID_PRICE NUMBER, /* ■ 모르겠습니다. ■ */
    START_DATE DATE, /* 시작 가격 */
    END_DATE DATE, /* 낙찰 가격 */
    PRODUCT_SIZE VARCHAR2(20), /* 경매 상품 사이즈 */
    PRODUCT_COLOR VARCHAR2(15), /* 경매 상품 색상 */
    IMAGE_PATH VARCHAR2(100), /* 경매 상품 이미지 */
    PAYMENT_YN  CHAR(1) DEFAULT 'n' CONSTRAINT CHK_PAY CHECK (PAYMENT_YN IN('y', 'n')), /* ■ 모르겠습니다. ■ */
    CONSTRAINT AUCTION_FK FOREIGN KEY (MEMBER_ID) REFERENCES MEMBER (MEMBER_ID)
);

COMMENT ON COLUMN AUCTION.AUCTION_CODE IS '경매 상품 코드';
COMMENT ON COLUMN AUCTION.PRODUCT_NAME IS '경매 상품 이름';
COMMENT ON COLUMN AUCTION.PRODUCT_CATEGORY IS '경매 상품 카테고리';
COMMENT ON COLUMN AUCTION.PRODUCT_BRAND IS '경매 상품 브랜드';
COMMENT ON COLUMN AUCTION.PRODUCT_DESCRIPT IS '경매 상품 설명';
COMMENT ON COLUMN AUCTION.MEMBER_ID IS '회원 아이디';
COMMENT ON COLUMN AUCTION.BID_PRICE IS '■ 모르겠습니다. ■';
COMMENT ON COLUMN AUCTION.START_DATE IS '시작 가격';
COMMENT ON COLUMN AUCTION.END_DATE IS '낙찰 가격';
COMMENT ON COLUMN AUCTION.PRODUCT_SIZE IS '경매 상품 사이즈';
COMMENT ON COLUMN AUCTION.PRODUCT_COLOR IS '경매 상품 색상';
COMMENT ON COLUMN AUCTION.IMAGE_PATH IS '경매 상품 이미지';
COMMENT ON COLUMN AUCTION.PAYMENT_YN IS '■ 모르겠습니다. ■';

/* 경매 알림 예약 */
CREATE TABLE ALERT(
    MEMBER_ID VARCHAR2(20), /* 회원 아이디 */
    PRODUCT_CODE NUMBER, /* 대여 상품 코드 */
    ALERT_DATE DATE, /* 알림 날짜 */
    CONSTRAINT ALERT_FK1 FOREIGN KEY (PRODUCT_CODE) REFERENCES PRODUCT (PRODUCT_CODE),
    CONSTRAINT  ALERT_FK2 FOREIGN KEY (MEMBER_ID) REFERENCES MEMBER (MEMBER_ID) ON DELETE CASCADE);

COMMENT ON COLUMN ALERT.MEMBER_ID IS '회원 아이디';
COMMENT ON COLUMN ALERT.PRODUCT_CODE IS '대여 상품 코드';
COMMENT ON COLUMN ALERT.ALERT_DATE IS '알림 날짜';

/* 공지사항 */
CREATE TABLE NOTICE(
    NOTICE_NO NUMBER PRIMARY KEY, /* 공지사항 번호 */
    NOTICE_TITLE VARCHAR2(100), /* 공지사항 제목 */
    NOTICE_CONTENT VARCHAR2(1000), /* 공지사항 내용 */
    NOTICE_DATE DATE /* 공지사항 작성 날짜 */
);

COMMENT ON COLUMN NOTICE.NOTICE_NO IS '공지사항 번호';
COMMENT ON COLUMN NOTICE.NOTICE_TITLE IS '공지사항 제목';
COMMENT ON COLUMN NOTICE.NOTICE_CONTENT IS '공지사항 내용';
COMMENT ON COLUMN NOTICE.NOTICE_DATE IS '공지사항 작성 날짜';


/* 후기 게시판 */
CREATE TABLE REVIEW(
    REVIEW_NO NUMBER PRIMARY KEY, /* 후기 번호 */
    PRODUCT_CODE NUMBER, /* 대여 상품 코드 */
    MEMBER_ID VARCHAR2(20), /* 회원 아이디 */
    REVIEW_TITLE VARCHAR2(50), /* 후기 제목 */
    REVIEW_CONTENT VARCHAR2(1000), /* 후기 내용 */
    REVIEW_RATING NUMBER, /* ■ 모르겠습니다. ■ */
    ORIGINAL_IMG_NAME VARCHAR2(1000), /* 이미지 원본 이름 */
    RENAME_IMG_NAME VARCHAR2(100), /* 이미지 바뀐 이름 */
    REVIEW_DATE DATE, /* 후기 작성 날짜 */
    CONSTRAINT REVIEW_FK1 FOREIGN KEY (MEMBER_ID) REFERENCES MEMBER (MEMBER_ID),
    CONSTRAINT REVIEW_FK2 FOREIGN KEY (PRODUCT_CODE) REFERENCES PRODUCT (PRODUCT_CODE) ON DELETE CASCADE
);

COMMENT ON COLUMN REVIEW.REVIEW_NO IS '후기 번호';
COMMENT ON COLUMN REVIEW.PRODUCT_CODE IS '대여 상품 코드';
COMMENT ON COLUMN REVIEW.MEMBER_ID IS '회원 아이디';
COMMENT ON COLUMN REVIEW.REVIEW_TITLE IS '후기 제목';
COMMENT ON COLUMN REVIEW.REVIEW_CONTENT IS '후기 내용';
COMMENT ON COLUMN REVIEW.REVIEW_RATING IS '■ 모르겠습니다. ■';
COMMENT ON COLUMN REVIEW.ORIGINAL_IMG_NAME IS '이미지 원본 이름';
COMMENT ON COLUMN REVIEW.RENAME_IMG_NAME IS '이미지 바뀐 이름';
COMMENT ON COLUMN REVIEW.REVIEW_DATE IS '후기 작성 날짜';

/* 문의 */
CREATE TABLE QNA(
    QNA_NO NUMBER PRIMARY KEY, /* 문의 번호 */
    MEMBER_ID VARCHAR2(20), /* 회원 아이디 */
    QNA_TITLE VARCHAR2(50), /* 문의 제목 */
    QNA_CONTENT VARCHAR2(1000), /* 문의 내용 */
    QNA_CATEGORY VARCHAR2(30), /* 문의 카테고리 */
    QNA_COMMENT VARCHAR2(500), /* 문의 답변 */
    QNA_DATE DATE, /* 문의 작성 날짜 */
    IMG_PATH VARCHAR2(100), /* 이미지 */
    CONSTRAINT QNA_FK FOREIGN KEY (MEMBER_ID) REFERENCES MEMBER (MEMBER_ID)
);

COMMENT ON COLUMN QNA.QNA_NO IS '문의 번호';
COMMENT ON COLUMN QNA.MEMBER_ID IS '회원 아이디';
COMMENT ON COLUMN QNA.QNA_TITLE IS '문의 제목';
COMMENT ON COLUMN QNA.QNA_CONTENT IS '문의 내용';
COMMENT ON COLUMN QNA.QNA_CATEGORY IS '문의 카테고리';
COMMENT ON COLUMN QNA.QNA_COMMENT IS '문의 답변';
COMMENT ON COLUMN QNA.QNA_DATE IS '문의 작성 날짜';
COMMENT ON COLUMN QNA.IMG_PATH IS '이미지';


/* 수입 */
CREATE TABLE INCOME (
    PRODUCT_CODE NUMBER, /* 대여 코드 */
    AUCTION_CODE NUMBER UNIQUE, /* 경매 코드 */
    INCOME NUMBER, /* ■ 모르겠습니다. ■ */
    INCOME_DATE DATE, /* ■ 모르겠습니다. ■ */
    CONSTRAINT INCO_FK1 FOREIGN KEY (PRODUCT_CODE) REFERENCES PRODUCT (PRODUCT_CODE),
    CONSTRAINT INCO_FK2 FOREIGN KEY (AUCTION_CODE) REFERENCES AUCTION (AUCTION_CODE),
    CONSTRAINT INCO_UNI UNIQUE (PRODUCT_CODE, INCOME_DATE)
);

COMMENT ON COLUMN INCOME.PRODUCT_CODE IS '대여 코드';
COMMENT ON COLUMN INCOME.AUCTION_CODE IS '경매 코드';
COMMENT ON COLUMN INCOME.INCOME IS '■ 모르겠습니다. ■';
COMMENT ON COLUMN INCOME.INCOME_DATE IS '■ 모르겠습니다. ■';

------------------------------ 샘플 데이터 ------------------------------

INSERT INTO MEMBER VALUES('admin', 'admin', '관리자', TO_DATE('19891002', 'YYMMDD'), SYSDATE, '010-6482-6959', '69-74', '역삼동','고시원', 0, 0, 'n', 'wlsrb8993@gmail.com');
INSERT INTO MEMBER VALUES('usera', 'usera', '회원1', TO_DATE('19900101', 'YYMMDD'), SYSDATE, '010-1111-1111', '111-11', '가가시 가가구','가가로 11', 0, 0, 'n', 'asdf01@gmail.com');
INSERT INTO MEMBER VALUES('userb', 'userb', '관리자', TO_DATE('19900102', 'YYMMDD'), SYSDATE, '010-2222-2222', '222-22', '나나시 나나구','나나로 22', 0, 0, 'n', 'asdf02@gmail.com');

/* OUTER 15 */
INSERT INTO PRODUCT VALUES(1500000001, '브리애니 자켓', 'outer', 'JOIE', '임시설명', 790000, 49000, '0', '0', '1', '1', '0', '블랙', TO_DATE('170901', 'RRMMDD'), DEFAULT, DEFAULT);
INSERT INTO PRODUCT VALUES(1500000002, '니티드 미니멀 베스트', 'outer', 'CHRISTIAN WIJNANTS', '임시설명', 760000, 38000, '0', '1', '1', '0', '0', '라임 엘로우', TO_DATE('170902', 'RRMMDD'), DEFAULT, DEFAULT);
INSERT INTO PRODUCT VALUES(1500000003, '더블 버튼 라이트 자켓', 'outer', 'ERIKA CAVALLINI', '임시설명', 763000, 38150, '0', '1', '1', '1', '1', '카키', TO_DATE('170903', 'RRMMDD'), DEFAULT, DEFAULT);
INSERT INTO PRODUCT VALUES(1500000004, '러플 트리밍 코트', 'outer', 'PIECE', '임시설명', 860000, 43000, '0', '0', '1', '1', '0', '블랙', TO_DATE('170904', 'RRMMDD'), DEFAULT, DEFAULT);
INSERT INTO PRODUCT VALUES(1500000005, '자카드 패브릭 자켓', 'outer', 'JUCCA', '임시설명', 882000, 44100, '0', '0', '1', '1', '1', '베이지', TO_DATE('170905', 'RRMMDD'), DEFAULT, DEFAULT);
INSERT INTO PRODUCT VALUES(1500000006, '프린티드 코튼 자켓', 'outer', 'JUCCA', '임시설명', 1, 1, '0', '0', '0', '0', '0', '색상', TO_DATE('170906', 'RRMMDD'), DEFAULT, DEFAULT);
INSERT INTO PRODUCT VALUES(1500000007, '스트라이프 실키 자켓', 'outer', 'JUCCA', '임시설명', 1, 1, '0', '0', '0', '0', '0', '색상', TO_DATE('170907', 'RRMMDD'), DEFAULT, DEFAULT);
INSERT INTO PRODUCT VALUES(1500000008, '더블버튼 자켓', 'outer', 'TRUE NYC', '임시설명', 1, 1, '0', '0', '0', '0', '0', '색상', TO_DATE('170908', 'RRMMDD'), DEFAULT, DEFAULT);

/* OUTER 15  - ■ 임시 데이터이고 나중에 삭제하기*/
INSERT INTO PRODUCT VALUES(1500000009, '브리애니 자켓', 'outer', 'JOIE', '임시설명', 790000, 49000, '0', '0', '1', '1', '0', '블랙', TO_DATE('170901', 'RRMMDD'), DEFAULT, DEFAULT);
INSERT INTO PRODUCT VALUES(1500000010, '니티드 미니멀 베스트', 'outer', 'CHRISTIAN WIJNANTS', '임시설명', 760000, 38000, '0', '1', '1', '0', '0', '라임 엘로우', TO_DATE('170902', 'RRMMDD'), DEFAULT, DEFAULT);
INSERT INTO PRODUCT VALUES(1500000011, '더블 버튼 라이트 자켓', 'outer', 'ERIKA CAVALLINI', '임시설명', 763000, 38150, '0', '1', '1', '1', '1', '카키', TO_DATE('170903', 'RRMMDD'), DEFAULT, DEFAULT);
INSERT INTO PRODUCT VALUES(1500000012, '러플 트리밍 코트', 'outer', 'PIECE', '임시설명', 860000, 43000, '0', '0', '1', '1', '0', '블랙', TO_DATE('170904', 'RRMMDD'), DEFAULT, DEFAULT);
INSERT INTO PRODUCT VALUES(1500000013, '자카드 패브릭 자켓', 'outer', 'JUCCA', '임시설명', 882000, 44100, '0', '0', '1', '1', '1', '베이지', TO_DATE('170905', 'RRMMDD'), DEFAULT, DEFAULT);
INSERT INTO PRODUCT VALUES(1500000014, '프린티드 코튼 자켓', 'outer', 'JUCCA', '임시설명', 1, 1, '0', '0', '0', '0', '0', '색상', TO_DATE('170906', 'RRMMDD'), DEFAULT, DEFAULT);
INSERT INTO PRODUCT VALUES(1500000015, '스트라이프 실키 자켓', 'outer', 'JUCCA', '임시설명', 1, 1, '0', '0', '0', '0', '0', '색상', TO_DATE('170907', 'RRMMDD'), DEFAULT, DEFAULT);
INSERT INTO PRODUCT VALUES(1500000016, '더블버튼 자켓', 'outer', 'TRUE NYC', '임시설명', 1, 1, '0', '0', '0', '0', '0', '색상', TO_DATE('170908', 'RRMMDD'), DEFAULT, DEFAULT);
INSERT INTO PRODUCT VALUES(1500000017, '브리애니 자켓', 'outer', 'JOIE', '임시설명', 790000, 49000, '0', '0', '1', '1', '0', '블랙', TO_DATE('170901', 'RRMMDD'), DEFAULT, DEFAULT);
INSERT INTO PRODUCT VALUES(1500000018, '니티드 미니멀 베스트', 'outer', 'CHRISTIAN WIJNANTS', '임시설명', 760000, 38000, '0', '1', '1', '0', '0', '라임 엘로우', TO_DATE('170902', 'RRMMDD'), DEFAULT, DEFAULT);
INSERT INTO PRODUCT VALUES(1500000019, '더블 버튼 라이트 자켓', 'outer', 'ERIKA CAVALLINI', '임시설명', 763000, 38150, '0', '1', '1', '1', '1', '카키', TO_DATE('170903', 'RRMMDD'), DEFAULT, DEFAULT);
INSERT INTO PRODUCT VALUES(1500000020, '러플 트리밍 코트', 'outer', 'PIECE', '임시설명', 860000, 43000, '0', '0', '1', '1', '0', '블랙', TO_DATE('170904', 'RRMMDD'), DEFAULT, DEFAULT);
INSERT INTO PRODUCT VALUES(1500000021, '자카드 패브릭 자켓', 'outer', 'JUCCA', '임시설명', 882000, 44100, '0', '0', '1', '1', '1', '베이지', TO_DATE('170905', 'RRMMDD'), DEFAULT, DEFAULT);
INSERT INTO PRODUCT VALUES(1500000022, '프린티드 코튼 자켓', 'outer', 'JUCCA', '임시설명', 1, 1, '0', '0', '0', '0', '0', '색상', TO_DATE('170906', 'RRMMDD'), DEFAULT, DEFAULT);
INSERT INTO PRODUCT VALUES(1500000023, '스트라이프 실키 자켓', 'outer', 'JUCCA', '임시설명', 1, 1, '0', '0', '0', '0', '0', '색상', TO_DATE('170907', 'RRMMDD'), DEFAULT, DEFAULT);
INSERT INTO PRODUCT VALUES(1500000024, '더블버튼 자켓', 'outer', 'TRUE NYC', '임시설명', 1, 1, '0', '0', '0', '0', '0', '색상', TO_DATE('170908', 'RRMMDD'), DEFAULT, DEFAULT);

/* DRESS 62 */
/* TOP */
INSERT INTO PRODUCT_IMAGE VALUES(1500000001, '1500000001_1.jpg');
INSERT INTO PRODUCT_IMAGE VALUES(1500000001, '1500000001_2.jpg');
INSERT INTO PRODUCT_IMAGE VALUES(1500000001, '1500000001_3.jpg');
INSERT INTO PRODUCT_IMAGE VALUES(1500000002, '1500000002_1.jpg');
INSERT INTO PRODUCT_IMAGE VALUES(1500000002, '1500000002_2.jpg');
INSERT INTO PRODUCT_IMAGE VALUES(1500000002, '1500000002_3.jpg');
INSERT INTO PRODUCT_IMAGE VALUES(1500000003, '1500000003_1.jpg');
INSERT INTO PRODUCT_IMAGE VALUES(1500000003, '1500000003_2.jpg');
INSERT INTO PRODUCT_IMAGE VALUES(1500000003, '1500000003_3.jpg');
INSERT INTO PRODUCT_IMAGE VALUES(1500000004, '1500000004_1.jpg');
INSERT INTO PRODUCT_IMAGE VALUES(1500000004, '1500000004_2.jpg');
INSERT INTO PRODUCT_IMAGE VALUES(1500000004, '1500000004_3.jpg');
INSERT INTO PRODUCT_IMAGE VALUES(1500000005, '1500000005_1.jpg');
INSERT INTO PRODUCT_IMAGE VALUES(1500000005, '1500000005_2.jpg');
INSERT INTO PRODUCT_IMAGE VALUES(1500000005, '1500000005_3.jpg');
INSERT INTO PRODUCT_IMAGE VALUES(1500000006, '1500000006_1.jpg');
INSERT INTO PRODUCT_IMAGE VALUES(1500000006, '1500000006_2.jpg');
INSERT INTO PRODUCT_IMAGE VALUES(1500000006, '1500000006_3.jpg');
INSERT INTO PRODUCT_IMAGE VALUES(1500000007, '1500000007_1.jpg');
INSERT INTO PRODUCT_IMAGE VALUES(1500000007, '1500000007_2.jpg');
INSERT INTO PRODUCT_IMAGE VALUES(1500000007, '1500000007_3.jpg');
INSERT INTO PRODUCT_IMAGE VALUES(1500000008, '1500000008_1.jpg');
INSERT INTO PRODUCT_IMAGE VALUES(1500000008, '1500000008_2.jpg');
INSERT INTO PRODUCT_IMAGE VALUES(1500000008, '1500000008_3.jpg');

INSERT INTO PRODUCT_IMAGE VALUES(1500000009, '1500000001_1.jpg');
INSERT INTO PRODUCT_IMAGE VALUES(1500000009, '1500000001_2.jpg');
INSERT INTO PRODUCT_IMAGE VALUES(1500000009, '1500000001_3.jpg');
INSERT INTO PRODUCT_IMAGE VALUES(1500000010, '1500000002_1.jpg');
INSERT INTO PRODUCT_IMAGE VALUES(1500000010, '1500000002_2.jpg');
INSERT INTO PRODUCT_IMAGE VALUES(1500000010, '1500000002_3.jpg');
INSERT INTO PRODUCT_IMAGE VALUES(1500000011, '1500000003_1.jpg');
INSERT INTO PRODUCT_IMAGE VALUES(1500000011, '1500000003_2.jpg');
INSERT INTO PRODUCT_IMAGE VALUES(1500000011, '1500000003_3.jpg');
INSERT INTO PRODUCT_IMAGE VALUES(1500000012, '1500000004_1.jpg');
INSERT INTO PRODUCT_IMAGE VALUES(1500000012, '1500000004_2.jpg');
INSERT INTO PRODUCT_IMAGE VALUES(1500000012, '1500000004_3.jpg');
INSERT INTO PRODUCT_IMAGE VALUES(1500000013, '1500000005_1.jpg');
INSERT INTO PRODUCT_IMAGE VALUES(1500000013, '1500000005_2.jpg');
INSERT INTO PRODUCT_IMAGE VALUES(1500000013, '1500000005_3.jpg');
INSERT INTO PRODUCT_IMAGE VALUES(1500000014, '1500000006_1.jpg');
INSERT INTO PRODUCT_IMAGE VALUES(1500000014, '1500000006_2.jpg');
INSERT INTO PRODUCT_IMAGE VALUES(1500000014, '1500000006_3.jpg');
INSERT INTO PRODUCT_IMAGE VALUES(1500000015, '1500000007_1.jpg');
INSERT INTO PRODUCT_IMAGE VALUES(1500000015, '1500000007_2.jpg');
INSERT INTO PRODUCT_IMAGE VALUES(1500000015, '1500000007_3.jpg');
INSERT INTO PRODUCT_IMAGE VALUES(1500000016, '1500000008_1.jpg');
INSERT INTO PRODUCT_IMAGE VALUES(1500000016, '1500000008_2.jpg');
INSERT INTO PRODUCT_IMAGE VALUES(1500000016, '1500000008_3.jpg');

INSERT INTO PRODUCT_IMAGE VALUES(1500000017, '1500000001_1.jpg');
INSERT INTO PRODUCT_IMAGE VALUES(1500000017, '1500000001_2.jpg');
INSERT INTO PRODUCT_IMAGE VALUES(1500000017, '1500000001_3.jpg');
INSERT INTO PRODUCT_IMAGE VALUES(1500000018, '1500000002_1.jpg');
INSERT INTO PRODUCT_IMAGE VALUES(1500000018, '1500000002_2.jpg');
INSERT INTO PRODUCT_IMAGE VALUES(1500000018, '1500000002_3.jpg');
INSERT INTO PRODUCT_IMAGE VALUES(1500000019, '1500000003_1.jpg');
INSERT INTO PRODUCT_IMAGE VALUES(1500000019, '1500000003_2.jpg');
INSERT INTO PRODUCT_IMAGE VALUES(1500000019, '1500000003_3.jpg');
INSERT INTO PRODUCT_IMAGE VALUES(1500000020, '1500000004_1.jpg');
INSERT INTO PRODUCT_IMAGE VALUES(1500000020, '1500000004_2.jpg');
INSERT INTO PRODUCT_IMAGE VALUES(1500000020, '1500000004_3.jpg');
INSERT INTO PRODUCT_IMAGE VALUES(1500000021, '1500000005_1.jpg');
INSERT INTO PRODUCT_IMAGE VALUES(1500000021, '1500000005_2.jpg');
INSERT INTO PRODUCT_IMAGE VALUES(1500000021, '1500000005_3.jpg');
INSERT INTO PRODUCT_IMAGE VALUES(1500000022, '1500000006_1.jpg');
INSERT INTO PRODUCT_IMAGE VALUES(1500000022, '1500000006_2.jpg');
INSERT INTO PRODUCT_IMAGE VALUES(1500000022, '1500000006_3.jpg');
INSERT INTO PRODUCT_IMAGE VALUES(1500000023, '1500000007_1.jpg');
INSERT INTO PRODUCT_IMAGE VALUES(1500000023, '1500000007_2.jpg');
INSERT INTO PRODUCT_IMAGE VALUES(1500000023, '1500000007_3.jpg');
INSERT INTO PRODUCT_IMAGE VALUES(1500000024, '1500000008_1.jpg');
INSERT INTO PRODUCT_IMAGE VALUES(1500000024, '1500000008_2.jpg');
INSERT INTO PRODUCT_IMAGE VALUES(1500000024, '1500000008_3.jpg');

INSERT INTO RENT_LIST VALUES(1, 1500000001, 'admin', TO_DATE('20170808', 'YYMMDD'), TO_DATE('20170815', 'YYMMDD'));

INSERT INTO RENTAL_RESERVE VALUES(1500000001, 'admin', SYSDATE, SYSDATE);

INSERT INTO WISH VALUES('usera', 1500000001);

INSERT INTO MESSAGE VALUES(1, 'admin', '안녕', '나는 관리자야', SYSDATE, 'n');

INSERT INTO AUCTION VALUES(1, '블라우스', '의류', 'LAP', '실크 소재의 고급 원단', 'admin', '10000', TO_DATE('20170909', 'YYMMDD'), TO_DATE('20171025', 'YYMMDD'), 's', 'green', 'dress1.jpg,dress2.jpg,dress3.jpg', DEFAULT);
INSERT INTO AUCTION VALUES(2, '토드백', '잡화', 'TOMASINI', '고급 가죽으로 만든 가방', 'admin', '10000', TO_DATE('20170909', 'YYMMDD'), TO_DATE('20171028', 'YYMMDD'), '25x11x19', 'brown', 'bag1.jpg,bag2.jpg,bag3.jpg', DEFAULT);
INSERT INTO AUCTION VALUES(3, '비바팔찌', '악세사리', 'studio 61x', '18k 도금', 'admin', '10000', TO_DATE('20170909', 'YYMMDD'), TO_DATE('20171030', 'YYMMDD'), '21cm', 'pink', 'acc1.jpg,acc2.jpg,acc3.jpg', DEFAULT);
INSERT INTO AUCTION VALUES(4, '옷(끝)', '의류', '보세', '화려함', 'admin', '10000', TO_DATE('20170901', 'YYMMDD'), TO_DATE('20170909', 'YYMMDD'), '끝', '끝', 'end1.jpg,end2.jpg,end3.jpg', DEFAULT);
INSERT INTO AUCTION VALUES(5, '슬리브셔츠', '의류', 'FLEAMADONNA', '언발라스함이 포인또', 'admin', '10000', TO_DATE('20170901', 'YYMMDD'), TO_DATE('20171021', 'YYMMDD'), 'm', 'navy', 'top1.jpg,top2.jpg,top3.jpg', DEFAULT);

INSERT INTO ALERT VALUES('admin', 1500000001, TO_DATE('170901', 'YYMMDD'));

INSERT INTO NOTICE VALUES(1, '공지사항', '대여 대여 및 구매시 적립금을 드려요.', SYSDATE);

INSERT INTO REVIEW VALUES(1, 1500000001, 'admin', '좋네요', '은 뻥', '1', NULL, NULL, SYSDATE);
INSERT INTO REVIEW VALUES(2, 1500000002, 'admin', '좋네요', '은 뻥', '1', NULL, NULL, SYSDATE);

INSERT INTO QNA VALUES(1, 'admin', '란희백 얼마', '냉무', '상품질문', '비싸', SYSDATE, NULL);

COMMIT;
